code,country,population,area,capital,on_america,pop_density
BR,Brazil,411,8515767,Brasilia,True,23.48584690022637
RU,Russia,144,17098242,Moscow,False,8.421918463898217
IN,India,1252,3287590,New Delhi,False,380.82607624430057
CH,China,1357,9596961,Beijing,False,141.39892826489552
SA,South Africa,55,1221037,Pretoria,True,45.04368008504247
SG,Singapore,6,671,Singapore,False,8941.877794336811
